{
    "Acc": 0.6810938422191619,
    "Precision": 0.6942541480256366,
    "Recall": 0.6763418891365115,
    "F1": 0.6798476921382832
}