{
    "Acc": 0.7264859068627451,
    "Precision": 0.7310157641345396,
    "Recall": 0.7264859068627452,
    "F1": 0.7270824962053462
}