{
    "Acc": 0.8286445012787724,
    "Precision": 0.8300714680811172,
    "Recall": 0.8262656373263313,
    "F1": 0.8266185649496094
}