{
    "Acc": 0.8552389705882353,
    "Precision": 0.8567717890541535,
    "Recall": 0.8552389705882355,
    "F1": 0.8553327653170768
}