{
    "Acc": 0.7250892567348264,
    "Precision": 0.731437045127382,
    "Recall": 0.725836487947203,
    "F1": 0.7266776695132291
}